disposalTankId,dlan,dlon,fieldId,tankId,flan,flon,cost,capacity,hours
15-007-21114,37.0263998,-98.6198884,15-001-20536,61832-2140,37.9185337,-95.0937593,18846,21000,9
15-007-01189,37.2722731,-98.8883412,15-001-20536,73166-5712,37.9185337,-95.0937593,13155,11000,10
15-009-21323,38.6764984,-98.5558996,15-001-20536,52251-4119,37.9185337,-95.0937593,22208,18000,12
15-009-21681,38.3528331,-98.6261731,15-001-20545,99122-9495,37.9558337,-95.0946306,18817,18000,5
15-009-22170,38.596868,-98.7627876,15-001-20545,83074-2660,37.9558337,-95.0946306,19194,21000,9
15-009-23029,38.5279381,-98.7393879,15-001-20545,32574-0395,37.9558337,-95.0946306,16011,25000,3
15-009-14732,38.2816673,-98.4933151,15-001-20559,66179-2270,37.9150538,-95.1236739,22194,30000,8
15-009-05617,38.3000154,-98.6603564,15-001-20559,80559-5719,37.9150538,-95.1236739,21968,11000,9
15-009-15623,38.2820175,-98.6244289,15-001-20559,35830-6490,37.9150538,-95.1236739,11808,12000,1
15-009-14198,38.26399,-98.60473,15-001-20622,46219-6689,37.989358,-95.158606,17891,9000,12
15-009-05139,38.6940368,-98.8963809,15-001-20622,81838-3355,37.989358,-95.158606,15444,18000,12
15-009-05177,38.6576276,-98.8616534,15-001-20622,77208-8568,37.989358,-95.158606,16515,25000,9
15-009-15347,38.5699375,-98.5229769,15-001-20639,16795-0855,38.0283919,-95.4254151,20734,18000,11
15-009-06795,38.5644482,-98.5407677,15-001-20639,21119-9878,38.0283919,-95.4254151,27970,9000,2
15-009-15396,38.5844967,-98.6374936,15-001-20639,07135-7082,38.0283919,-95.4254151,14209,9000,7
15-009-05601,38.63487,-98.53471,15-001-20639,90544-2904,38.0283919,-95.4254151,26185,25000,7
15-009-07041,38.4484303,-98.5045393,15-001-20640,34228-6696,38.0289709,-95.4096544,10788,30000,12
15-009-14995,38.3500659,-98.4924577,15-001-20640,03796-7377,38.0289709,-95.4096544,11216,5000,2
15-009-06087,38.3592462,-98.6601872,15-001-20640,92848-8795,38.0289709,-95.4096544,24423,11000,9
15-009-06890,38.3664686,-98.6812051,15-001-20640,05080-3219,38.0289709,-95.4096544,20354,5000,11
15-039-20653,39.8753632,-100.3478496,15-001-20642,06245-5696,38.0249386,-95.4191117,28440,18000,2
15-051-21586,38.8483846,-99.0548682,15-001-20642,86012-7387,38.0249386,-95.4191117,23072,30000,10
15-051-21611,39.0573684,-99.0578569,15-001-20642,48751-2487,38.0249386,-95.4191117,23400,9000,10
15-051-21769,38.9209475,-99.3895822,15-001-20642,24346-5833,38.0249386,-95.4191117,11758,11000,4
15-051-21841,38.86285,-99.23733,15-001-20654,58493-6863,38.0252223,-95.4264465,27433,21000,4
15-051-22098,39.1137386,-99.255548,15-001-20654,70476-3883,38.0252223,-95.4264465,14812,9000,1
15-051-22610,39.0157874,-99.0649766,15-001-20654,23907-7370,38.0252223,-95.4264465,12172,11000,2
15-051-23844-0001,38.926297,-99.3209377,15-001-20654,88098-4812,38.0252223,-95.4264465,12358,30000,7
15-051-04029,38.9103001,-99.1924249,15-001-20655,51750-3194,38.0252652,-95.4257518,11233,12000,7
15-051-04610,38.942367,-99.2570674,15-001-20655,94947-0061,38.0252652,-95.4257518,13008,18000,7
15-051-04678,38.8520768,-99.5061395,15-001-20655,67126-0616,38.0252652,-95.4257518,11678,18000,9
15-051-04723,39.1126968,-99.2728081,15-001-20655,28587-1804,38.0252652,-95.4257518,21996,25000,3
15-051-04752,39.0370674,-99.078497,15-001-20656,11722-2209,38.0297289,-95.4249676,29683,8000,8
15-051-05038,39.0681365,-99.1361135,15-001-20656,64309-3917,38.0297289,-95.4249676,22140,9000,1
15-051-06031-0001,39.0501672,-99.2617103,15-001-20656,74220-9950,38.0297289,-95.4249676,18703,25000,2
15-053-01181,38.60977,-98.44001,15-001-20656,08597-4529,38.0297289,-95.4249676,15166,11000,4
15-053-01367,38.52483,-98.20695,15-001-20705,15934-8739,38.0256709,-95.4242988,17133,12000,1
15-053-01401,38.57906,-98.3948,15-001-20705,59720-5267,38.0256709,-95.4242988,17408,11000,4
15-053-90273,38.62498,-98.42921,15-001-20705,82747-5656,38.0256709,-95.4242988,14908,25000,7
15-053-90184,38.58147,-98.36236,15-001-20705,45230-4311,38.0256709,-95.4242988,24646,5000,6
15-065-22072,39.1912512,-99.8927908,15-001-20706,73084-1795,38.027487,-95.4242778,25947,25000,7
15-065-02682,39.2752126,-99.6512357,15-001-20706,62061-9569,38.027487,-95.4242778,14929,25000,8
15-065-02556,39.2606827,-99.6462448,15-001-20706,30031-6813,38.027487,-95.4242778,25357,9000,6
15-077-21007,37.328265,-98.219353,15-001-20706,57041-7135,38.027487,-95.4242778,21432,21000,6
15-077-01082,37.321482,-98.256468,15-001-20707,55662-5984,38.027487,-95.4242778,26370,21000,6
15-079-20518,38.0787114,-97.2160294,15-001-20707,12556-2102,38.027487,-95.4242778,24418,21000,2
15-079-90104,38.1585371,-97.6734825,15-001-20707,68713-9912,38.027487,-95.4242778,21436,11000,2
15-083-20983,37.9793515,-99.6413043,15-001-20707,68431-2615,38.027487,-95.4242778,28868,21000,4
15-095-01488,37.60522,-97.8819,15-001-20708,52016-0842,38.027487,-95.4242778,13386,18000,3
15-095-01318,37.5960367,-97.9052217,15-001-20708,59531-0887,38.027487,-95.4242778,22042,30000,1
15-095-01345,37.4715065,-98.0579592,15-001-20708,21623-7644,38.027487,-95.4242778,19710,8000,8
15-095-01567,37.4221358,-98.172307,15-001-20708,29532-4110,38.027487,-95.4242778,14035,18000,5
15-113-05327,38.50797,-97.45818,15-001-20709,94162-3426,37.918849,-95.1851061,20915,11000,4
15-113-01687,38.50165,-97.43004,15-001-20709,95573-2994,37.918849,-95.1851061,16662,25000,3
15-119-20418,37.2049342,-100.3808435,15-001-20709,13811-9267,37.918849,-95.1851061,17347,25000,7
15-119-20424,37.2252554,-100.3453331,15-001-20725,46617-6717,37.7731916,-95.1733191,20512,18000,7
15-119-20444,37.2206013,-100.3444645,15-001-20725,38015-3597,37.7731916,-95.1733191,23056,11000,8
15-119-20445,37.2003361,-100.3915514,15-001-20725,42739-2437,37.7731916,-95.1733191,12855,12000,9
15-119-20455,37.2015048,-100.3762415,15-001-20727,65692-8262,37.77375,-95.16942,12186,30000,1
15-119-20479,37.2879183,-100.3835895,15-001-20727,68922-6405,37.77375,-95.16942,16312,9000,12
15-119-20497,37.2056964,-100.3624802,15-001-20727,88171-5631,37.77375,-95.16942,22272,18000,6
15-119-20520,37.2208427,-100.3521928,15-001-20727,26400-7329,37.77375,-95.16942,29607,11000,6
15-119-20526,37.215427,-100.3407884,15-001-20748,59784-3278,37.7782292,-95.1610119,29782,30000,4
15-119-20532,37.2249871,-100.3404449,15-001-20748,00733-1673,37.7782292,-95.1610119,29568,18000,8
15-119-20536,37.2249663,-100.3509995,15-001-20748,14355-3892,37.7782292,-95.1610119,16403,25000,4
15-119-20547,37.2117648,-100.3759045,15-001-20748,53923-4557,37.7782292,-95.1610119,20886,5000,3
15-119-20555,37.205187,-100.3809476,15-001-20749,08304-0821,37.7786851,-95.161243,19357,30000,9
15-137-20249,39.7778033,-99.9817933,15-001-20749,39658-4407,37.7786851,-95.161243,25167,5000,9
15-145-01430,38.180715,-99.0734898,15-001-20749,38320-0754,37.7786851,-95.161243,19588,25000,9
15-147-20259,39.9534669,-99.3341246,15-001-20749,18362-7769,37.7786851,-95.161243,21165,30000,8
15-147-20320,39.6181108,-99.5507921,15-001-20776,85264-4128,37.9486048,-95.1269482,26589,11000,10
15-147-20468,39.6151503,-99.5460446,15-001-20776,16557-2478,37.9486048,-95.1269482,28226,9000,9
15-151-21848,37.8021612,-98.9252027,15-001-20776,34315-4800,37.9486048,-95.1269482,29980,12000,9
15-153-20489-0001,39.769,-101.36154,15-001-20919,58485-5437,37.9142376,-95.2045415,23260,9000,9
15-153-20516-0001,39.7622006,-101.3567796,15-001-20919,43931-6359,37.9142376,-95.2045415,14732,25000,7
15-153-20545,39.9741986,-101.1549904,15-001-20919,14329-0385,37.9142376,-95.2045415,15245,9000,6
15-153-20621-0001,39.74412,-101.36594,15-001-20919,54138-8128,37.9142376,-95.2045415,20560,18000,3
15-155-01729,38.076126,-97.702599,15-001-20928,88031-2586,37.9145104,-95.2034635,11572,8000,8
15-155-19021,38.0304206,-97.9728111,15-001-20928,91298-1384,37.9145104,-95.2034635,27252,21000,4
15-159-21967,38.24695,-97.95246,15-001-20928,42131-1871,37.9145104,-95.2034635,23094,9000,11
15-159-01979,38.43563,-98.33896,15-001-20928,20154-4832,37.9145104,-95.2034635,28378,18000,2
15-159-03182,38.48853,-98.15076,15-001-20929,66182-7042,37.9145127,-95.2048846,12965,25000,8
15-159-03187,38.4867434,-98.1650255,15-001-20929,40256-7116,37.9145127,-95.2048846,29181,30000,2
15-159-03759,38.39433,-98.30792,15-001-20929,68064-6099,37.9145127,-95.2048846,20721,21000,12
15-159-90405,38.29369,-98.45425,15-001-20929,56027-1855,37.9145127,-95.2048846,27581,9000,7
15-159-04893,38.31056,-98.30187,15-001-20965,01590-0337,37.9391066,-95.1238276,21413,12000,4
15-159-90421,38.36132,-98.31387,15-001-20965,79586-3349,37.9391066,-95.1238276,25171,21000,10
15-159-90441,38.18171,-98.32784,15-001-20965,49874-5947,37.9391066,-95.1238276,10139,9000,9
15-163-20726,39.1525886,-99.5361197,15-001-20978,79676-3109,37.9214742,-95.2051431,20682,21000,12
15-163-21831,39.3190195,-99.2514924,15-001-20978,47562-1528,37.9214742,-95.2051431,10668,8000,7
15-163-19441-0001,39.1825705,-99.5267486,15-001-20978,47064-5635,37.9214742,-95.2051431,22794,5000,4
15-163-02815,39.2777085,-99.4106652,15-001-20981,26834-4810,37.9176086,-95.2005646,24437,5000,2
15-165-20407,38.3569526,-99.5474563,15-001-20981,66421-6257,37.9176086,-95.2005646,20865,18000,2
15-167-20224,39.0304262,-99.0108501,15-001-20981,51721-7691,37.9176086,-95.2005646,19580,5000,11
15-167-21309,39.0188385,-99.0201586,15-001-21006,17937-8841,37.9180567,-95.1890982,17105,5000,8
15-167-21308,39.0163583,-99.0132911,15-001-21006,63328-2609,37.9180567,-95.1890982,27720,12000,7
15-167-21080,38.7614277,-98.6595436,15-001-21006,20718-9026,37.9180567,-95.1890982,25193,5000,12
15-167-21082,38.7503667,-98.656375,15-001-21006,61648-9818,37.9180567,-95.1890982,18967,11000,12
15-167-06177,39.0685476,-99.0064406,15-001-21007,40141-7622,37.9180592,-95.1906233,29838,18000,7
15-167-03816,38.79855,-98.76693,15-001-21007,86920-8506,37.9180592,-95.1906233,12803,18000,3
15-167-22626,38.8810765,-98.9039213,15-001-21007,92399-0605,37.9180592,-95.1906233,27306,12000,1
15-167-22863,38.7966678,-98.8128664,15-001-21007,65027-4342,37.9180592,-95.1906233,23689,25000,4
15-167-02633,38.8527364,-98.8494857,15-001-21039,33337-4386,37.9132401,-95.1089019,10409,9000,7
15-167-19006,39.0203667,-98.9980619,15-001-21039,33596-1145,37.9132401,-95.1089019,22325,18000,6
15-167-21234,39.0280281,-98.9979882,15-001-21039,13911-1982,37.9132401,-95.1089019,12032,11000,3
15-167-04139,38.7449587,-98.7559796,15-001-21039,15489-4839,37.9132401,-95.1089019,25906,30000,1
15-167-04403,38.7815191,-98.6811433,15-001-21063,34793-1933,37.9122188,-95.0985903,19440,30000,5
15-167-04553,38.7353186,-98.7929385,15-001-21063,26983-2621,37.9122188,-95.0985903,16447,11000,6
15-167-04475,38.8669977,-98.9790685,15-001-21063,43664-2370,37.9122188,-95.0985903,22227,30000,12
15-167-22586,38.8005279,-98.9330927,15-001-21063,00611-3535,37.9122188,-95.0985903,12461,21000,5
15-167-20228,39.0233863,-99.0109599,15-001-21086,66993-2540,37.9127914,-95.4923975,19422,12000,11
15-171-20408,38.5630132,-100.7055854,15-001-21086,35631-9935,37.9127914,-95.4923975,22510,9000,4
15-173-01014-0001,37.5798333,-97.346196,15-001-21086,37347-3667,37.9127914,-95.4923975,17431,9000,5
15-173-01499,37.65389,-97.79925,15-001-21086,25617-4519,37.9127914,-95.4923975,20893,11000,8
15-179-05509,39.5625063,-100.3081596,15-001-21161,61110-4707,37.9131868,-95.4897895,24239,11000,3
15-179-05510,39.5590359,-100.2949927,15-001-21161,02143-8609,37.9131868,-95.4897895,21813,8000,2
15-185-11569-0001,38.1745263,-98.7397548,15-001-21161,45071-7865,37.9131868,-95.4897895,22864,12000,6
15-185-11880,38.2175857,-98.5216255,15-001-21161,92387-1266,37.9131868,-95.4897895,26155,25000,8
15-185-12493,38.150694,-98.6571658,15-001-21162,30184-6066,37.9133543,-95.4887401,17160,21000,1
15-185-12676,38.0793142,-98.5788095,15-001-21162,11327-8001,37.9133543,-95.4887401,10456,21000,7
15-185-11289-0001,37.9376328,-98.7409005,15-001-21162,68443-9172,37.9133543,-95.4887401,12504,18000,1
15-185-11048-0001,37.8552211,-98.7872101,15-001-21162,96965-3154,37.9133543,-95.4887401,16428,11000,1
15-185-11850,37.8779016,-98.8957942,15-001-21238,20257-2579,37.9173577,-95.2600355,21392,5000,10
15-189-20414,37.0361031,-101.4509988,15-001-21238,95437-6559,37.9173577,-95.2600355,11790,9000,11
15-191-10139,37.37645,-97.47634,15-001-21238,89910-7432,37.9173577,-95.2600355,29834,12000,11
15-129-10559,37.1006965,-102.0152683,15-001-21307,54046-8942,37.7764259,-95.1639626,23239,8000,6
15-111-20026,38.1853403,-96.2181608,15-001-21307,27930-4139,37.7764259,-95.1639626,17098,12000,8
15-111-20069,38.6494124,-96.3052542,15-001-21307,03207-7036,37.7764259,-95.1639626,17104,12000,8
15-113-00107-0001,38.53024,-97.40508,15-001-21341,06433-1511,37.9693957,-95.0811579,11822,30000,7
15-113-20332,38.36855,-97.39473,15-001-21341,49476-3679,37.9693957,-95.0811579,10140,21000,12
15-113-20457,38.35402,-97.49537,15-001-21341,75816-8357,37.9693957,-95.0811579,19672,25000,4
15-113-20817,38.3908,-97.53038,15-001-21341,36704-2254,37.9693957,-95.0811579,14306,8000,9
15-113-20898,38.3621697,-97.4986189,15-001-21344,64308-8128,38.0312341,-95.4267873,26704,25000,11
15-113-20906,38.56339,-97.44486,15-001-21344,22899-8183,38.0312341,-95.4267873,12584,9000,6
15-113-21088,38.41063,-97.52373,15-001-21344,02696-2910,38.0312341,-95.4267873,15492,11000,10
15-113-21149,38.23601,-97.64829,15-001-21344,31707-4197,38.0312341,-95.4267873,11708,8000,1
15-113-21175,38.3145761,-97.6427135,15-001-22241,27433-9299,37.9110342,-95.4856003,28106,12000,2
15-113-21178,38.22379,-97.49899,15-001-22241,57447-4989,37.9110342,-95.4856003,26673,9000,4
15-113-21195,38.36876,-97.47966,15-001-22241,88723-0443,37.9110342,-95.4856003,10070,21000,4
15-113-21237,38.2498902,-97.9207889,15-001-22241,58329-2062,37.9110342,-95.4856003,11515,12000,9
15-113-30119,38.5519387,-97.4074085,15-001-22242,47123-6429,37.9142274,-95.49007,16527,11000,6
15-113-30172,38.3468,-97.62773,15-001-22242,29407-7752,37.9142274,-95.49007,10223,11000,10
15-115-00483,38.43372,-96.94602,15-001-22242,81242-5965,37.9142274,-95.49007,19477,21000,7
15-115-20309,38.40232,-96.95575,15-001-22242,23937-2609,37.9142274,-95.49007,25865,11000,9
15-115-20357,38.1585417,-97.0065419,15-001-22274,14705-0490,37.7779746,-95.1670626,24936,5000,12
15-115-20468,38.4937,-97.02736,15-001-22274,82066-4036,37.7779746,-95.1670626,23888,18000,3
15-115-20661,38.21096,-97.00727,15-001-22274,70353-0394,37.7779746,-95.1670626,28409,25000,7
15-115-20685,38.14125,-96.97754,15-001-22274,68624-9937,37.7779746,-95.1670626,27461,25000,6
15-115-20764,38.20179,-96.99841,15-001-22289,05325-1951,38.0326657,-95.4253613,25685,18000,5
15-115-20831,38.08729,-96.89905,15-001-22289,02366-3618,38.0326657,-95.4253613,23918,12000,2
15-115-20998,38.090581,-96.9811073,15-001-22289,87931-6691,38.0326657,-95.4253613,12770,30000,7
15-115-21006,38.21569,-97.00442,15-001-22290,59501-8602,38.0326623,-95.4266652,13475,25000,11
15-115-21018,38.1497332,-96.9884171,15-001-22290,73021-9408,38.0326623,-95.4266652,18046,11000,8
15-115-21019,38.21253,-97.32945,15-001-22290,42399-8798,38.0326623,-95.4266652,25946,30000,11
15-115-21032,38.1447867,-96.9683076,15-001-22290,81224-3522,38.0326623,-95.4266652,27011,8000,7
15-115-21090,38.4977002,-97.2967285,15-001-22316,32394-3334,37.7689055,-95.4397529,24145,18000,12
15-115-21102,38.15986,-97.00451,15-001-22316,46265-7547,37.7689055,-95.4397529,20090,30000,8
15-115-21116,38.1086523,-96.9742856,15-001-22316,46476-9792,37.7689055,-95.4397529,18517,5000,11
15-115-21118,38.46783,-96.96516,15-001-22316,92719-2264,37.7689055,-95.4397529,22623,11000,10
15-115-21250,38.0871144,-96.990966,15-001-22342,09965-7941,37.9185688,-95.0955959,10657,8000,2
15-115-20003,38.54724,-96.94119,15-001-22342,00715-2168,37.9185688,-95.0955959,14470,25000,4
15-001-20583,37.9176027,-95.1868935,15-001-22342,67117-7822,37.9185688,-95.0955959,17103,9000,4
15-001-20584,37.9175972,-95.1846755,15-001-22344,97965-3337,37.9185638,-95.0943828,26574,9000,3
15-001-20628,37.7715706,-95.1194578,15-001-22344,43146-2964,37.9185638,-95.0943828,20638,11000,2
15-001-20630,37.7700355,-95.1180623,15-001-22344,45965-2196,37.9185638,-95.0943828,21500,18000,8
15-001-20684,37.7724631,-95.1206745,15-001-22346,55567-8479,37.9195249,-95.0943676,14868,8000,8
15-001-20719,37.7750197,-95.1183944,15-001-22346,73524-6406,37.9195249,-95.0943676,22547,30000,7
15-001-20730,37.9175666,-95.1834283,15-001-22346,44024-6501,37.9195249,-95.0943676,18845,9000,10
15-001-20789,37.7624479,-95.1216007,15-001-22480,26297-2477,37.9150977,-95.4911053,13641,5000,7
15-001-20854,37.7750472,-95.1194878,15-001-22480,03153-3688,37.9150977,-95.4911053,22053,8000,1
15-001-20859,37.7749154,-95.1168087,15-001-22480,43070-5730,37.9150977,-95.4911053,14201,30000,3
15-001-20866,37.7908352,-95.2325136,15-001-22480,11474-2823,37.9150977,-95.4911053,25421,18000,6
15-001-20867,37.7896681,-95.2325063,15-001-23194,73406-6951,37.7665522,-95.4420137,12387,25000,10
15-001-20868,37.7885089,-95.2318072,15-001-23194,10929-1513,37.7665522,-95.4420137,19529,5000,7
15-001-20869,37.7885002,-95.2307694,15-001-23194,57463-3428,37.7665522,-95.4420137,13408,30000,5
15-001-20870,37.7872832,-95.229724,15-001-23194,99202-9612,37.7665522,-95.4420137,13883,11000,2
15-001-20871,37.7859839,-95.228678,15-001-23197,23619-5038,37.7643123,-95.4385758,19036,9000,1
15-001-20933,37.9082902,-95.1854418,15-001-23197,09301-4791,37.7643123,-95.4385758,27015,11000,8
15-001-20953,37.7859116,-95.226602,15-001-23197,74924-8143,37.7643123,-95.4385758,13349,21000,8
15-001-22019,37.7594191,-95.2466183,15-001-23197,40913-0863,37.7643123,-95.4385758,14169,30000,1
15-001-22208,37.7917536,-95.106683,15-001-23198,84492-9453,37.7661566,-95.4342125,17090,9000,9
15-001-22264,37.7610151,-95.2483366,15-001-23198,66911-9181,37.7661566,-95.4342125,12398,11000,12
15-001-22824,37.7891312,-95.1048752,15-001-23198,96692-5634,37.7661566,-95.4342125,21138,18000,7
15-001-22888,37.7609925,-95.2460542,15-001-23198,96334-1647,37.7661566,-95.4342125,16509,11000,7
15-001-24421,37.7796945,-95.3625025,15-001-23389,30850-5457,37.9152625,-95.4893525,12437,9000,4
15-001-24435,38.0123574,-95.0796625,15-001-23389,72773-4368,37.9152625,-95.4893525,29000,30000,2
15-001-24926,37.7768421,-95.3927653,15-001-23389,41295-7907,37.9152625,-95.4893525,28059,30000,7
15-001-26118,37.7917649,-95.1103335,15-001-23389,63949-8365,37.9152625,-95.4893525,19013,8000,11
15-001-26468,37.8513314,-95.1008891,15-001-23390,44553-8573,37.9155645,-95.4903167,18766,5000,2
15-001-26524,37.7934213,-95.1056375,15-001-23390,34501-6273,37.9155645,-95.4903167,25538,9000,1
15-001-26711,37.7963192,-95.0999269,15-001-23390,45009-3404,37.9155645,-95.4903167,23466,21000,9
15-001-26779,37.7950845,-95.1052864,15-001-23390,87994-8492,37.9155645,-95.4903167,19536,21000,2
15-001-26826,37.7947267,-95.1065749,15-001-23391,75221-9407,37.9167451,-95.4921501,28926,5000,5
15-001-26827,37.7944692,-95.1086183,15-001-23391,08858-4828,37.9167451,-95.4921501,17978,30000,9
15-001-26837,37.7932535,-95.1077275,15-001-23391,89731-1377,37.9167451,-95.4921501,29519,12000,11
15-001-27704,37.7656419,-95.1830237,15-001-23406,30277-6039,37.9149605,-95.4883882,23416,8000,1
15-001-27917,37.7677436,-95.1836387,15-001-23406,33164-7142,37.9149605,-95.4883882,18044,30000,10
15-001-28045,37.9615,-95.42853,15-001-23406,36813-6490,37.9149605,-95.4883882,13924,12000,7
15-001-28085,37.8536049,-95.0929196,15-001-23406,20151-8373,37.9149605,-95.4883882,23986,21000,6
15-001-28180,37.9105891,-95.2004163,15-001-23522,68905-0712,37.9105812,-95.4907792,22085,21000,4
15-001-28257,37.76676,-95.1800018,15-001-23522,47855-8278,37.9105812,-95.4907792,13046,30000,10
15-001-28266,37.8618693,-95.3123523,15-001-23522,70531-4690,37.9105812,-95.4907792,21102,8000,9
15-001-28272,37.7661005,-95.1813818,15-001-23522,82996-6634,37.9105812,-95.4907792,10497,9000,4
15-001-28349,37.747593,-95.2420048,15-001-23523,55009-7354,37.9105812,-95.4896357,12687,30000,6
15-001-28352,37.7437484,-95.2374994,15-001-23523,76226-5629,37.9105812,-95.4896357,19892,8000,1
15-001-28354,37.742847,-95.2363755,15-001-23523,71434-8148,37.9105812,-95.4896357,13166,5000,5
15-001-28356,37.7419455,-95.2352515,15-001-23523,31427-9808,37.9105812,-95.4896357,13374,8000,1
15-001-28369,37.9130538,-95.2067402,15-001-23537,38354-6544,37.9105812,-95.4839009,22443,12000,7
15-001-28370,37.911538,-95.2068356,15-001-23537,54769-8408,37.9105812,-95.4839009,18331,5000,3
15-001-28373,37.9138776,-95.2112003,15-001-23537,61223-0862,37.9105812,-95.4839009,18826,21000,10
15-001-28398,37.8659467,-95.2926607,15-001-23537,96622-2584,37.9105812,-95.4839009,16575,21000,11
15-001-28399,37.8659482,-95.2909291,15-001-23546,52273-4878,37.9105812,-95.4873661,14074,25000,2
15-001-28405,37.86049,-95.29035,15-001-23546,93561-3071,37.9105812,-95.4873661,28956,12000,6
15-001-28420,37.781932,-95.425005,15-001-23546,24764-3752,37.9105812,-95.4873661,10317,5000,5
15-001-28431,37.741044,-95.2341275,15-001-23581,81449-6037,37.9131072,-95.487374,19880,9000,4
15-001-28445,37.783132,-95.424888,15-001-23581,51454-8439,37.9131072,-95.487374,19029,30000,12
15-001-28494,37.8902263,-95.2667614,15-001-23581,92328-5394,37.9131072,-95.487374,18728,18000,1
15-001-28495,37.8924508,-95.2667181,15-001-23581,56765-0988,37.9131072,-95.487374,14106,12000,7
15-001-28497,37.8841848,-95.2668317,15-001-23708,57797-9518,37.9752311,-95.4554997,27556,21000,11
15-001-28498,37.8841746,-95.268356,15-001-23708,57970-0806,37.9752311,-95.4554997,29288,11000,1
15-001-28499,37.8853794,-95.2668178,15-001-23708,60586-3120,37.9752311,-95.4554997,11388,5000,5
15-001-28500,37.8841848,-95.2668317,15-001-24178,02614-3359,38.024182,-95.4501473,23182,9000,5
15-001-28506,38.0252343,-95.2731883,15-001-24178,48999-4751,38.024182,-95.4501473,29370,5000,5
15-001-28517,37.8902493,-95.2633316,15-001-24178,82043-5123,38.024182,-95.4501473,14725,12000,3
15-001-28518,37.8902339,-95.2656181,15-001-24178,15566-7140,38.024182,-95.4501473,18943,5000,6
15-001-28585,37.8914576,-95.2633176,15-001-24395,95076-0371,37.7767451,-95.1653507,28572,9000,5
15-001-28586,37.8902416,-95.2644749,15-001-24395,53453-0793,37.7767451,-95.1653507,14218,18000,8
15-001-28616,37.8889938,-95.2683345,15-001-24395,76647-3419,37.7767451,-95.1653507,18846,18000,10
15-001-28617,37.8890316,-95.2667926,15-001-24395,35753-3259,37.7767451,-95.1653507,28611,8000,3
15-001-28620,37.8890113,-95.2698239,15-001-24397,88606-2757,37.7775305,-95.1644619,14565,5000,8
15-001-28621,37.8889735,-95.2713659,15-001-24397,50451-7889,37.7775305,-95.1644619,17205,5000,6
15-001-28622,37.8901955,-95.2713517,15-001-24397,11999-7723,37.7775305,-95.1644619,28092,5000,3
15-001-28623,37.8914038,-95.2713376,15-001-24397,97886-9754,37.7775305,-95.1644619,19702,18000,7
15-001-28625,37.858757,-95.2798,15-001-24701,39766-5367,37.7369139,-95.2433326,12565,18000,7
15-001-28658,37.8866218,-95.2637549,15-001-24701,31000-4759,37.7369139,-95.2433326,21737,9000,9
15-001-28661,37.8866116,-95.2652792,15-001-24701,10540-0992,37.7369139,-95.2433326,13536,8000,4
15-001-28662,37.8866013,-95.2668209,15-001-24718,86187-4069,37.783244,-95.3733932,18948,30000,11
15-001-28663,37.8853965,-95.2683591,15-001-24718,27675-0519,37.783244,-95.3733932,19902,25000,10
15-001-28669,37.7624479,-95.1178098,15-001-24718,33177-1547,37.783244,-95.3733932,11039,21000,2
15-001-28673,37.8934135,-95.266091,15-001-24719,17883-2520,37.7832795,-95.36824,21360,8000,2
15-001-28677,37.86777,-95.28427,15-001-24719,73202-2443,37.7832795,-95.36824,20327,11000,8
15-001-28679,37.86777,-95.28732,15-001-24719,22814-8995,37.7832795,-95.36824,19314,12000,6
15-001-28682,37.8234618,-95.1235288,15-001-24738,34619-7941,37.7792494,-95.1323339,13228,25000,10
15-001-28683,37.823349,-95.122386,15-001-24738,80759-8600,37.7792494,-95.1323339,22214,30000,6
15-001-28717,37.86898,-95.28277,15-001-24738,35282-6791,37.7792494,-95.1323339,16721,5000,10
15-001-28759,37.8292673,-95.0863379,15-001-24760,81749-9659,37.7783432,-95.1323386,11419,11000,11
15-001-28784,37.8944623,-95.2549615,15-001-24760,18682-0089,37.7783432,-95.1323386,10068,12000,5
15-003-20953,38.1433942,-95.3211697,15-001-24760,82199-0802,37.7783432,-95.1323386,24412,5000,12
15-003-21118,38.1544791,-95.3117356,15-001-24792,39059-7288,37.7391885,-95.2444308,25114,11000,12
15-003-21184,38.1476263,-95.2985045,15-001-24792,70423-3888,37.7391885,-95.2444308,23647,18000,8
15-003-21450,38.145662,-95.3161022,15-001-24792,19874-0878,37.7391885,-95.2444308,12183,11000,1
15-003-22098,38.1407343,-95.3214327,15-001-24793,92874-2468,37.7382823,-95.2444478,24287,11000,12
15-003-22101,38.1283841,-95.3161016,15-001-24793,36680-9044,37.7382823,-95.2444478,15013,8000,9
15-003-22628,38.1093755,-95.3295678,15-001-24793,68996-4404,37.7382823,-95.2444478,13857,8000,9
15-003-22808,38.0388881,-95.408727,15-001-24850,06911-5853,38.0346991,-95.4257543,13104,25000,7
15-003-22917,38.1732223,-95.2993264,15-001-24850,15883-3386,38.0346991,-95.4257543,21417,30000,1
15-003-23156,38.1058581,-95.3269757,15-001-24850,14799-5768,38.0346991,-95.4257543,14645,21000,12
15-003-23343,38.070275,-95.084851,15-001-24888,70382-6661,37.7391837,-95.2455718,10698,11000,8
15-003-23344,38.071483,-95.084851,15-001-24888,05731-5082,37.7391837,-95.2455718,16290,30000,8
15-003-23345,38.072691,-95.084851,15-001-24888,46411-9757,37.7391837,-95.2455718,21879,8000,12
15-003-23384,38.231293,-95.1280502,15-001-24892,54051-9995,37.7373808,-95.2433238,10421,30000,6
15-003-23643,38.03991,-95.42657,15-001-24892,53134-3745,37.7373808,-95.2433238,10089,5000,9
15-003-23660,38.2274191,-95.1355114,15-001-24892,27059-0109,37.7373808,-95.2433238,15274,8000,4
15-003-23701,38.2500723,-95.287878,15-001-24892,13280-3238,37.7373808,-95.2433238,13746,11000,10
15-003-23716,38.0940189,-95.3555693,15-001-24900,54403-4380,37.7349482,-95.4680758,28302,8000,6
15-003-23795,38.3282941,-95.1720615,15-001-24900,74712-9282,37.7349482,-95.4680758,13849,18000,3
15-003-23836,38.04005,-95.42762,15-001-24900,71000-1806,37.7349482,-95.4680758,11274,25000,1
15-003-23839,38.04005,-95.42866,15-001-24900,28074-4090,37.7349482,-95.4680758,13613,25000,7
15-003-23840,38.042275,-95.428781,15-001-24921,32429-9340,37.77687,-95.3779256,15665,18000,8
15-003-23841,38.042358,-95.427652,15-001-24921,22593-8249,37.77687,-95.3779256,29179,11000,1
15-003-23845,38.3295929,-95.1721939,15-001-24921,88776-9938,37.77687,-95.3779256,21105,11000,1
15-003-23846,38.3291124,-95.1728291,15-001-24960,02760-0999,37.7331957,-95.4694153,24496,30000,7
15-003-23856,38.1838973,-95.3031097,15-001-24960,24602-3032,37.7331957,-95.4694153,29880,18000,1
15-003-23888,38.3084703,-95.1488177,15-001-24960,18416-2104,37.7331957,-95.4694153,29785,8000,1
15-003-23933,38.1086416,-95.3245605,15-001-24960,06150-9257,37.7331957,-95.4694153,29369,18000,8
15-003-23935,38.1074174,-95.3262007,15-001-24969,11710-9685,37.7454383,-95.5101315,19230,5000,6
15-003-23944,38.0958712,-95.3554226,15-001-24969,87266-4862,37.7454383,-95.5101315,15509,12000,5
15-003-23946,38.0949521,-95.3574411,15-001-24969,68272-7771,37.7454383,-95.5101315,19762,11000,7
15-003-23949,38.0949193,-95.3586223,15-001-24976,48901-9108,37.9739604,-95.0887066,24556,25000,8
15-003-23969,38.3047362,-95.1419818,15-001-24976,32466-7525,37.9739604,-95.0887066,10620,18000,7
15-003-23972,38.3059268,-95.1433669,15-001-24976,86512-9192,37.9739604,-95.0887066,29046,21000,10
15-003-23980,38.307499,-95.1414899,15-001-24976,97511-9340,37.9739604,-95.0887066,22951,8000,12
15-003-23981,38.3086504,-95.1501815,15-001-24980,76903-3380,37.7777839,-95.3767889,27600,21000,5
15-003-23984,38.1076315,-95.3462007,15-001-24980,64348-8998,37.7777839,-95.3767889,19376,8000,10
15-003-23985,38.1076722,-95.3444698,15-001-24980,13854-6641,37.7777839,-95.3767889,26066,11000,5
15-003-23986,38.1076287,-95.3432927,15-001-24998,90164-7880,37.8802703,-95.3919826,27043,12000,2
15-003-23989,38.1076402,-95.3479446,15-001-24998,23789-2494,37.8802703,-95.3919826,18397,9000,2
15-003-23993,38.108611,-95.3431871,15-001-24998,03047-8544,37.8802703,-95.3919826,24877,18000,6
15-003-23994,38.1085646,-95.3444768,15-001-24998,08749-7926,37.8802703,-95.3919826,25990,21000,5
15-003-23995,38.1094569,-95.3444594,15-001-25093,73972-9501,37.7591682,-95.1007455,28948,11000,1
15-003-24003,38.0931191,-95.3583728,15-001-25093,02769-3409,37.7591682,-95.1007455,20379,21000,9
15-003-24006,38.0923539,-95.3573409,15-001-25093,52066-6110,37.7591682,-95.1007455,16709,8000,12
15-003-24022,38.3284122,-95.1735955,15-001-25118,55444-6509,37.8085437,-95.3814441,18640,9000,8
15-003-24024,38.3274622,-95.1727959,15-001-25118,65444-1701,37.8085437,-95.3814441,29521,30000,12
15-003-24030,38.0975812,-95.3550713,15-001-25118,76296-7896,37.8085437,-95.3814441,12832,25000,12
15-003-24034,38.0985415,-95.3550001,15-001-25119,98066-4095,37.8268954,-95.3305807,19692,9000,5
15-003-24035,38.097689,-95.3562678,15-001-25119,31291-5160,37.8268954,-95.3305807,15270,8000,10
15-003-24036,38.0985785,-95.3559722,15-001-25119,70859-9706,37.8268954,-95.3305807,28289,25000,9
15-003-24055,38.1066672,-95.3368354,15-001-25119,08700-1269,37.8268954,-95.3305807,29227,12000,10
15-003-24057,38.1085433,-95.3399953,15-001-25130,86599-4738,37.8300547,-95.3257525,10728,30000,4
